{
    "progress": {
        "cur": 363163,
        "max": 363163
    },
    "totalField": {
        "totalFieldAmount": 15,
        "fields": [
            {
                "name": "price"
            },
            {
                "name": "cost"
            },
            {
                "name": "sales"
            },
            {
                "name": "profit_margin"
            },
            {
                "name": "inventory"
            },
            {
                "name": "discount_percentage"
            },
            {
                "name": "delivery_days"
            },
            {
                "name": "category"
            },
            {
                "name": "material"
            },
            {
                "name": "color"
            },
            {
                "name": "location"
            },
            {
                "name": "season"
            },
            {
                "name": "store_type"
            },
            {
                "name": "brand"
            },
            {
                "name": "revenue"
            }
        ]
    },
    "dataTableHead": [
        {
            "name": "price",
            "type": "number",
            "index": 0,
            "min": 50.70429733616281,
            "max": 499.87295297875875,
            "group": [
                {
                    "count": 268,
                    "label": "50.70 - 95.62"
                },
                {
                    "count": 259,
                    "label": "95.62 - 140.54"
                },
                {
                    "count": 235,
                    "label": "140.54 - 185.45"
                },
                {
                    "count": 241,
                    "label": "185.45 - 230.37"
                },
                {
                    "count": 235,
                    "label": "230.37 - 275.29"
                },
                {
                    "count": 249,
                    "label": "275.29 - 320.21"
                },
                {
                    "count": 275,
                    "label": "320.21 - 365.12"
                },
                {
                    "count": 235,
                    "label": "365.12 - 410.04"
                },
                {
                    "count": 258,
                    "label": "410.04 - 454.96"
                },
                {
                    "count": 245,
                    "label": "454.96 - 499.87"
                }
            ],
            "enums": []
        },
        {
            "name": "cost",
            "type": "number",
            "index": 1,
            "min": 26.505895329330087,
            "max": 447.0229108170189,
            "group": [
                {
                    "count": 314,
                    "label": "26.51 - 68.56"
                },
                {
                    "count": 342,
                    "label": "68.56 - 110.61"
                },
                {
                    "count": 300,
                    "label": "110.61 - 152.66"
                },
                {
                    "count": 337,
                    "label": "152.66 - 194.71"
                },
                {
                    "count": 359,
                    "label": "194.71 - 236.76"
                },
                {
                    "count": 329,
                    "label": "236.76 - 278.82"
                },
                {
                    "count": 245,
                    "label": "278.82 - 320.87"
                },
                {
                    "count": 129,
                    "label": "320.87 - 362.92"
                },
                {
                    "count": 106,
                    "label": "362.92 - 404.97"
                },
                {
                    "count": 39,
                    "label": "404.97 - 447.02"
                }
            ],
            "enums": []
        },
        {
            "name": "sales",
            "type": "number",
            "index": 2,
            "min": 1,
            "max": 49,
            "group": [
                {
                    "count": 250,
                    "label": "1.00 - 5.80"
                },
                {
                    "count": 254,
                    "label": "5.80 - 10.60"
                },
                {
                    "count": 263,
                    "label": "10.60 - 15.40"
                },
                {
                    "count": 257,
                    "label": "15.40 - 20.20"
                },
                {
                    "count": 211,
                    "label": "20.20 - 25.00"
                },
                {
                    "count": 263,
                    "label": "25.00 - 29.80"
                },
                {
                    "count": 237,
                    "label": "29.80 - 34.60"
                },
                {
                    "count": 280,
                    "label": "34.60 - 39.40"
                },
                {
                    "count": 247,
                    "label": "39.40 - 44.20"
                },
                {
                    "count": 238,
                    "label": "44.20 - 49.00"
                }
            ],
            "enums": []
        },
        {
            "name": "profit_margin",
            "type": "number",
            "index": 3,
            "min": 10.01769186998245,
            "max": 49.99953460978536,
            "group": [
                {
                    "count": 234,
                    "label": "10.02 - 14.02"
                },
                {
                    "count": 262,
                    "label": "14.02 - 18.01"
                },
                {
                    "count": 236,
                    "label": "18.01 - 22.01"
                },
                {
                    "count": 255,
                    "label": "22.01 - 26.01"
                },
                {
                    "count": 252,
                    "label": "26.01 - 30.01"
                },
                {
                    "count": 230,
                    "label": "30.01 - 34.01"
                },
                {
                    "count": 262,
                    "label": "34.01 - 38.00"
                },
                {
                    "count": 264,
                    "label": "38.00 - 42.00"
                },
                {
                    "count": 244,
                    "label": "42.00 - 46.00"
                },
                {
                    "count": 261,
                    "label": "46.00 - 50.00"
                }
            ],
            "enums": []
        },
        {
            "name": "inventory",
            "type": "number",
            "index": 4,
            "min": 0,
            "max": 199,
            "group": [
                {
                    "count": 255,
                    "label": "0.00 - 19.90"
                },
                {
                    "count": 252,
                    "label": "19.90 - 39.80"
                },
                {
                    "count": 249,
                    "label": "39.80 - 59.70"
                },
                {
                    "count": 300,
                    "label": "59.70 - 79.60"
                },
                {
                    "count": 247,
                    "label": "79.60 - 99.50"
                },
                {
                    "count": 225,
                    "label": "99.50 - 119.40"
                },
                {
                    "count": 254,
                    "label": "119.40 - 139.30"
                },
                {
                    "count": 234,
                    "label": "139.30 - 159.20"
                },
                {
                    "count": 233,
                    "label": "159.20 - 179.10"
                },
                {
                    "count": 251,
                    "label": "179.10 - 199.00"
                }
            ],
            "enums": []
        },
        {
            "name": "discount_percentage",
            "type": "number",
            "index": 5,
            "min": 0.0055558588632842465,
            "max": 29.99122913465493,
            "group": [
                {
                    "count": 261,
                    "label": "0.01 - 3.00"
                },
                {
                    "count": 235,
                    "label": "3.00 - 6.00"
                },
                {
                    "count": 239,
                    "label": "6.00 - 9.00"
                },
                {
                    "count": 256,
                    "label": "9.00 - 12.00"
                },
                {
                    "count": 266,
                    "label": "12.00 - 15.00"
                },
                {
                    "count": 243,
                    "label": "15.00 - 18.00"
                },
                {
                    "count": 258,
                    "label": "18.00 - 21.00"
                },
                {
                    "count": 259,
                    "label": "21.00 - 23.99"
                },
                {
                    "count": 238,
                    "label": "23.99 - 26.99"
                },
                {
                    "count": 245,
                    "label": "26.99 - 29.99"
                }
            ],
            "enums": []
        },
        {
            "name": "delivery_days",
            "type": "number",
            "index": 6,
            "min": 1,
            "max": 9,
            "group": [
                {
                    "count": 293,
                    "label": "1.00 - 1.80"
                },
                {
                    "count": 282,
                    "label": "1.80 - 2.60"
                },
                {
                    "count": 283,
                    "label": "2.60 - 3.40"
                },
                {
                    "count": 293,
                    "label": "3.40 - 4.20"
                },
                {
                    "count": 0,
                    "label": "4.20 - 5.00"
                },
                {
                    "count": 294,
                    "label": "5.00 - 5.80"
                },
                {
                    "count": 260,
                    "label": "5.80 - 6.60"
                },
                {
                    "count": 279,
                    "label": "6.60 - 7.40"
                },
                {
                    "count": 270,
                    "label": "7.40 - 8.20"
                },
                {
                    "count": 246,
                    "label": "8.20 - 9.00"
                }
            ],
            "enums": []
        },
        {
            "name": "category",
            "type": "enum",
            "index": 7,
            "min": 1,
            "max": 100,
            "group": [],
            "enums": [
                {
                    "key": "Bed",
                    "value": 481
                },
                {
                    "key": "Chair",
                    "value": 497
                },
                {
                    "key": "Table",
                    "value": 533
                },
                {
                    "key": "Sofa",
                    "value": 488
                },
                {
                    "key": "Desk",
                    "value": 501
                }
            ]
        },
        {
            "name": "material",
            "type": "enum",
            "index": 8,
            "min": 1,
            "max": 100,
            "group": [],
            "enums": [
                {
                    "key": "Metal",
                    "value": 529
                },
                {
                    "key": "Wood",
                    "value": 528
                },
                {
                    "key": "Fabric",
                    "value": 451
                },
                {
                    "key": "Plastic",
                    "value": 492
                },
                {
                    "key": "Glass",
                    "value": 500
                }
            ]
        },
        {
            "name": "color",
            "type": "enum",
            "index": 9,
            "min": 1,
            "max": 100,
            "group": [],
            "enums": [
                {
                    "key": "Brown",
                    "value": 406
                },
                {
                    "key": "White",
                    "value": 427
                },
                {
                    "key": "Red",
                    "value": 419
                },
                {
                    "key": "Blue",
                    "value": 401
                },
                {
                    "key": "Black",
                    "value": 448
                },
                {
                    "key": "Green",
                    "value": 399
                }
            ]
        },
        {
            "name": "location",
            "type": "enum",
            "index": 10,
            "min": 1,
            "max": 100,
            "group": [],
            "enums": [
                {
                    "key": "Rural",
                    "value": 897
                },
                {
                    "key": "Suburban",
                    "value": 813
                },
                {
                    "key": "Urban",
                    "value": 790
                }
            ]
        },
        {
            "name": "season",
            "type": "enum",
            "index": 11,
            "min": 1,
            "max": 100,
            "group": [],
            "enums": [
                {
                    "key": "Spring",
                    "value": 614
                },
                {
                    "key": "Summer",
                    "value": 584
                },
                {
                    "key": "Fall",
                    "value": 651
                },
                {
                    "key": "Winter",
                    "value": 651
                }
            ]
        },
        {
            "name": "store_type",
            "type": "enum",
            "index": 12,
            "min": 1,
            "max": 100,
            "group": [],
            "enums": [
                {
                    "key": "Online",
                    "value": 1307
                },
                {
                    "key": "Retail",
                    "value": 1193
                }
            ]
        },
        {
            "name": "brand",
            "type": "enum",
            "index": 13,
            "min": 1,
            "max": 100,
            "group": [],
            "enums": [
                {
                    "key": "BrandA",
                    "value": 650
                },
                {
                    "key": "BrandD",
                    "value": 618
                },
                {
                    "key": "BrandB",
                    "value": 588
                },
                {
                    "key": "BrandC",
                    "value": 644
                }
            ]
        },
        {
            "name": "revenue",
            "type": "number",
            "index": 14,
            "min": -14214.56550528128,
            "max": 32922.07883216713,
            "group": [
                {
                    "count": 22,
                    "label": "-14214.57 - -9500.90"
                },
                {
                    "count": 103,
                    "label": "-9500.90 - -4787.24"
                },
                {
                    "count": 351,
                    "label": "-4787.24 - -73.57"
                },
                {
                    "count": 651,
                    "label": "-73.57 - 4640.09"
                },
                {
                    "count": 653,
                    "label": "4640.09 - 9353.76"
                },
                {
                    "count": 401,
                    "label": "9353.76 - 14067.42"
                },
                {
                    "count": 211,
                    "label": "14067.42 - 18781.09"
                },
                {
                    "count": 88,
                    "label": "18781.09 - 23494.75"
                },
                {
                    "count": 17,
                    "label": "23494.75 - 28208.41"
                },
                {
                    "count": 3,
                    "label": "28208.41 - 32922.08"
                }
            ],
            "enums": []
        }
    ],
    "dataTable": {

        "rows": []
    }
}